{
	"parent": "block/carved_pumpkin",
	"overrides": [
		{ "predicate": { "custom_model_data": 101}, "model": "item/hats/jelliesurprise" },
		{ "predicate": { "custom_model_data": 102}, "model": "item/hats/pineapple" },
		{ "predicate": { "custom_model_data": 103}, "model": "item/hats/straw_hat" },
		{ "predicate": { "custom_model_data": 104}, "model": "item/hats/plague_cleric" },
		{ "predicate": { "custom_model_data": 105}, "model": "item/hats/plague_doctor" },
		{ "predicate": { "custom_model_data": 106}, "model": "item/hats/mining_helmet" },
		{ "predicate": { "custom_model_data": 107}, "model": "item/hats/phantom_hide" },
		{ "predicate": { "custom_model_data": 108}, "model": "item/hats/goggles" }
	]
}
