{
	"credit": "Made with Blockbench",
	"textures": {
		"0": "minecraft:block/glass",
		"1": "minecraft:block/mushroom_block_inside",
		"2": "minecraft:block/navy",
		"particle": "minecraft:block/glass"
	},
	"elements": [
		{
			"from": [0, 0, 0],
			"to": [16, 16, 16],
			"faces": {
				"north": {"uv": [0, 0, 16, 16], "texture": "#0"},
				"east": {"uv": [0, 0, 16, 16], "texture": "#0"},
				"south": {"uv": [0, 0, 16, 16], "texture": "#0"},
				"west": {"uv": [0, 0, 16, 16], "texture": "#0"},
				"up": {"uv": [0, 0, 16, 16], "texture": "#0"},
				"down": {"uv": [0, 0, 16, 16], "texture": "#0"}
			}
		},
		{
			"from": [2, 14, 2],
			"to": [14, 17, 14],
			"faces": {
				"north": {"uv": [0, 0, 12, 3], "texture": "#1"},
				"east": {"uv": [0, 0, 12, 3], "texture": "#1"},
				"south": {"uv": [0, 0, 12, 3], "texture": "#1"},
				"west": {"uv": [0, 0, 12, 3], "texture": "#1"},
				"up": {"uv": [0, 0, 12, 12], "texture": "#1"},
				"down": {"uv": [0, 0, 12, 12], "texture": "#1"}
			}
		},
		{
			"from": [1, 1, 1],
			"to": [15, 3, 15],
			"faces": {
				"north": {"uv": [0, 0, 14, 2], "texture": "#2"},
				"east": {"uv": [0, 0, 14, 2], "texture": "#2"},
				"south": {"uv": [0, 0, 14, 2], "texture": "#2"},
				"west": {"uv": [0, 0, 14, 2], "texture": "#2"},
				"up": {"uv": [0, 0, 14, 14], "texture": "#2"},
				"down": {"uv": [0, 0, 14, 14], "texture": "#2"}
			}
		}
	]
}