{
	"credit": "Made with Blockbench",
	"texture_size": [64, 64],
	"textures": {
		"1": "block/pineapple"
	},
	"elements": [
		{
			"name": "pineapple",
			"from": [5, 5, 5],
			"to": [11, 13, 11],
			"rotation": {"angle": 0, "axis": "y", "origin": [0, 6, 0]},
			"faces": {
				"north": {"uv": [1.5, 5, 3, 7], "texture": "#1"},
				"east": {"uv": [0, 5, 1.5, 7], "texture": "#1"},
				"south": {"uv": [4.5, 5, 6, 7], "texture": "#1"},
				"west": {"uv": [3, 5, 4.5, 7], "texture": "#1"},
				"up": {"uv": [3, 5, 1.5, 3.5], "texture": "#1"},
				"down": {"uv": [4.5, 3.5, 3, 5], "texture": "#1"}
			}
		},
		{
			"name": "pineapple",
			"from": [4.75, 4.75, 4.75],
			"to": [11.25, 13.25, 11.25],
			"rotation": {"angle": 0, "axis": "y", "origin": [0, 6, 0]},
			"faces": {
				"north": {"uv": [1.5, 1.5, 3, 3.5], "texture": "#1"},
				"east": {"uv": [0, 1.5, 1.5, 3.5], "texture": "#1"},
				"south": {"uv": [4.5, 1.5, 6, 3.5], "texture": "#1"},
				"west": {"uv": [3, 1.5, 4.5, 3.5], "texture": "#1"},
				"up": {"uv": [3, 1.5, 1.5, 0], "texture": "#1"},
				"down": {"uv": [4.5, 0, 3, 1.5], "texture": "#1"}
			}
		},
		{
			"name": "leaf",
			"from": [8, 13, 5],
			"to": [8, 19, 11],
			"rotation": {"angle": -45, "axis": "y", "origin": [8, 17, 8]},
			"faces": {
				"north": {"uv": [1.5, 7, 1.5, 8.5], "texture": "#1"},
				"east": {"uv": [0, 7, 1.5, 8.5], "texture": "#1"},
				"south": {"uv": [3, 7, 3, 8.5], "texture": "#1"},
				"west": {"uv": [1.5, 7, 3, 8.5], "texture": "#1"},
				"up": {"uv": [1.5, 7, 1.5, 5.5], "texture": "#1"},
				"down": {"uv": [1.5, 5.5, 1.5, 7], "texture": "#1"}
			}
		},
		{
			"name": "leaf",
			"from": [5, 13, 8],
			"to": [11, 19, 8],
			"rotation": {"angle": -45, "axis": "y", "origin": [8, 17, 8]},
			"faces": {
				"north": {"uv": [4.5, 0, 6, 1.5], "texture": "#1"},
				"east": {"uv": [4.5, 0, 4.5, 1.5], "texture": "#1"},
				"south": {"uv": [6, 0, 7.5, 1.5], "texture": "#1"},
				"west": {"uv": [6, 0, 6, 1.5], "texture": "#1"},
				"up": {"uv": [6, 0, 4.5, 0], "texture": "#1"},
				"down": {"uv": [7.5, 0, 6, 0], "texture": "#1"}
			}
		},
		{
			"name": "leaf",
			"from": [5, 13, 8],
			"to": [11, 19, 8],
			"rotation": {"angle": 0, "axis": "y", "origin": [8, 17, 8]},
			"faces": {
				"north": {"uv": [6, 1.5, 7.5, 3], "texture": "#1"},
				"east": {"uv": [6, 1.5, 6, 3], "texture": "#1"},
				"south": {"uv": [7.5, 1.5, 9, 3], "texture": "#1"},
				"west": {"uv": [7.5, 1.5, 7.5, 3], "texture": "#1"},
				"up": {"uv": [7.5, 1.5, 6, 1.5], "texture": "#1"},
				"down": {"uv": [9, 1.5, 7.5, 1.5], "texture": "#1"}
			}
		},
		{
			"name": "leaf",
			"from": [8, 13, 5],
			"to": [8, 19, 11],
			"rotation": {"angle": 0, "axis": "y", "origin": [8, 17, 8]},
			"faces": {
				"north": {"uv": [6, 3.5, 6, 5], "texture": "#1"},
				"east": {"uv": [4.5, 3.5, 6, 5], "texture": "#1"},
				"south": {"uv": [7.5, 3.5, 7.5, 5], "texture": "#1"},
				"west": {"uv": [6, 3.5, 7.5, 5], "texture": "#1"},
				"up": {"uv": [6, 3.5, 6, 2], "texture": "#1"},
				"down": {"uv": [6, 2, 6, 3.5], "texture": "#1"}
			}
		}
	],
	"display": {
		"thirdperson_righthand": {
			"rotation": [75, 45, 0],
			"translation": [0, 2.5, 3.25],
			"scale": [0.75, 0.75, 0.75]
		},
		"thirdperson_lefthand": {
			"rotation": [75, 45, 0],
			"translation": [0, 2.5, 3.25],
			"scale": [0.75, 0.75, 0.75]
		},
		"firstperson_righthand": {
			"rotation": [0, 45, 0],
			"translation": [0, 4, 2.5],
			"scale": [0.5, 0.5, 0.5]
		},
		"firstperson_lefthand": {
			"rotation": [0, -45, 0],
			"translation": [0, 4, 2.5],
			"scale": [0.5, 0.5, 0.5]
		},
		"ground": {
			"translation": [0, 3, 0],
			"scale": [0.75, 0.75, 0.75]
		},
		"gui": {
			"rotation": [30, 45, 0],
			"translation": [0, 1, 0],
			"scale": [0.75, 0.75, 0.75]
		},
		"head": {
			"translation": [0, 16, 0],
			"scale": [3, 3, 3]
		},
		"fixed": {
			"rotation": [-90, 0, 0],
			"translation": [0, 0, -16],
			"scale": [2, 2, 2]
		}
	}
}