{
	"credit": "Made with Blockbench",
	"texture_size": [64, 64],
	"textures": {
		"0": "blockbench/plague_doctor",
		"particle": "blockbench/plague_doctor"
	},
	"elements": [
		{
			"from": [9.62, 2.01, 1.76],
			"to": [10.74, 3.13, 2.88],
			"rotation": {"angle": 0, "axis": "y", "origin": [0, 1.76, 0.88]},
			"faces": {
				"north": {"uv": [3, 6.75, 2.75, 7], "texture": "#0"},
				"east": {"uv": [3, 6.75, 2.75, 7], "texture": "#0"},
				"south": {"uv": [3, 6.75, 2.75, 7], "texture": "#0"},
				"west": {"uv": [3, 6.75, 2.75, 7], "texture": "#0"},
				"up": {"uv": [3, 6.75, 2.75, 7], "texture": "#0"},
				"down": {"uv": [3, 6.75, 2.75, 7], "texture": "#0"}
			}
		},
		{
			"from": [7.38, 1.51, 0.64],
			"to": [8.5, 2.63, 1.76],
			"rotation": {"angle": 0, "axis": "y", "origin": [1.76, 1.76, 3.76]},
			"faces": {
				"north": {"uv": [6.75, 2.75, 7, 3], "texture": "#0"},
				"east": {"uv": [3, 6.75, 3.25, 7], "texture": "#0"},
				"south": {"uv": [6.75, 3, 7, 3.25], "texture": "#0"},
				"west": {"uv": [3.25, 6.75, 3.5, 7], "texture": "#0"},
				"up": {"uv": [7, 3.5, 6.75, 3.25], "texture": "#0"},
				"down": {"uv": [3.75, 6.75, 3.5, 7], "texture": "#0"}
			}
		},
		{
			"from": [8.5, 1.51, 0.64],
			"to": [9.62, 2.63, 1.76],
			"rotation": {"angle": 0, "axis": "y", "origin": [0.88, 1.76, 3.76]},
			"faces": {
				"north": {"uv": [6.75, 3.5, 7, 3.75], "texture": "#0"},
				"east": {"uv": [3.75, 6.75, 4, 7], "texture": "#0"},
				"south": {"uv": [6.75, 3.75, 7, 4], "texture": "#0"},
				"west": {"uv": [4, 6.75, 4.25, 7], "texture": "#0"},
				"up": {"uv": [7, 4.25, 6.75, 4], "texture": "#0"},
				"down": {"uv": [4.5, 6.75, 4.25, 7], "texture": "#0"}
			}
		},
		{
			"from": [8.5, 2.63, 0.64],
			"to": [9.62, 3.75, 1.76],
			"rotation": {"angle": 0, "axis": "y", "origin": [0.88, 0.88, 3.76]},
			"faces": {
				"north": {"uv": [6.75, 4.25, 7, 4.5], "texture": "#0"},
				"east": {"uv": [6.75, 4.5, 7, 4.75], "texture": "#0"},
				"south": {"uv": [6.75, 4.75, 7, 5], "texture": "#0"},
				"west": {"uv": [6.75, 5, 7, 5.25], "texture": "#0"},
				"up": {"uv": [7, 5.5, 6.75, 5.25], "texture": "#0"},
				"down": {"uv": [7, 5.5, 6.75, 5.75], "texture": "#0"}
			}
		},
		{
			"from": [7.38, 2.63, 0.64],
			"to": [8.5, 3.75, 1.76],
			"rotation": {"angle": 0, "axis": "y", "origin": [1.76, 0.88, 3.76]},
			"faces": {
				"north": {"uv": [6.75, 5.75, 7, 6], "texture": "#0"},
				"east": {"uv": [6.75, 6, 7, 6.25], "texture": "#0"},
				"south": {"uv": [6.75, 6.25, 7, 6.5], "texture": "#0"},
				"west": {"uv": [6.75, 6.5, 7, 6.75], "texture": "#0"},
				"up": {"uv": [7, 7, 6.75, 6.75], "texture": "#0"},
				"down": {"uv": [7.25, 2, 7, 2.25], "texture": "#0"}
			}
		},
		{
			"from": [7.38, 3.75, 0.64],
			"to": [8.5, 4.87, 1.76],
			"rotation": {"angle": 0, "axis": "y", "origin": [1.76, 0, 3.76]},
			"faces": {
				"north": {"uv": [2.25, 7, 2.5, 7.25], "texture": "#0"},
				"east": {"uv": [2.25, 7, 2.5, 7.25], "texture": "#0"},
				"south": {"uv": [2.25, 7, 2.5, 7.25], "texture": "#0"},
				"west": {"uv": [2.25, 7, 2.5, 7.25], "texture": "#0"},
				"up": {"uv": [2.25, 7, 2.5, 7.25], "texture": "#0"},
				"down": {"uv": [2.25, 7, 2.5, 7.25], "texture": "#0"}
			}
		},
		{
			"from": [8.5, 3.75, 0.64],
			"to": [9.62, 4.87, 1.76],
			"rotation": {"angle": 0, "axis": "y", "origin": [0.88, 0, 3.76]},
			"faces": {
				"north": {"uv": [3, 7, 3.25, 7.25], "texture": "#0"},
				"east": {"uv": [3, 7, 3.25, 7.25], "texture": "#0"},
				"south": {"uv": [3, 7, 3.25, 7.25], "texture": "#0"},
				"west": {"uv": [3, 7, 3.25, 7.25], "texture": "#0"},
				"up": {"uv": [3, 7, 3.25, 7.25], "texture": "#0"},
				"down": {"uv": [3, 7, 3.25, 7.25], "texture": "#0"}
			}
		},
		{
			"from": [8.5, 2.01, 1.76],
			"to": [9.62, 3.13, 2.88],
			"rotation": {"angle": 0, "axis": "y", "origin": [0.88, 1.76, 0.88]},
			"faces": {
				"north": {"uv": [7.25, 4.25, 7, 4.5], "texture": "#0"},
				"east": {"uv": [7.25, 4.25, 7, 4.5], "texture": "#0"},
				"south": {"uv": [7.25, 4.25, 7, 4.5], "texture": "#0"},
				"west": {"uv": [7.25, 4.25, 7, 4.5], "texture": "#0"},
				"up": {"uv": [7.25, 4.25, 7, 4.5], "texture": "#0"},
				"down": {"uv": [7.25, 4.25, 7, 4.5], "texture": "#0"}
			}
		},
		{
			"from": [7.38, 2.01, 1.76],
			"to": [8.5, 3.13, 2.88],
			"rotation": {"angle": 0, "axis": "y", "origin": [1.76, 1.76, 0.88]},
			"faces": {
				"north": {"uv": [7.25, 5.75, 7, 6], "texture": "#0"},
				"east": {"uv": [7.25, 5.75, 7, 6], "texture": "#0"},
				"south": {"uv": [7.25, 5.75, 7, 6], "texture": "#0"},
				"west": {"uv": [7.25, 5.75, 7, 6], "texture": "#0"},
				"up": {"uv": [7.25, 5.75, 7, 6], "texture": "#0"},
				"down": {"uv": [7.25, 5.75, 7, 6], "texture": "#0"}
			}
		},
		{
			"from": [6.26, 2.01, 1.76],
			"to": [7.38, 3.13, 2.88],
			"rotation": {"angle": 0, "axis": "y", "origin": [2.64, 1.76, 0.88]},
			"faces": {
				"north": {"uv": [7.25, 7, 7, 7.25], "texture": "#0"},
				"east": {"uv": [7.25, 7, 7, 7.25], "texture": "#0"},
				"south": {"uv": [7.25, 7, 7, 7.25], "texture": "#0"},
				"west": {"uv": [7.25, 7, 7, 7.25], "texture": "#0"},
				"up": {"uv": [7.25, 7, 7, 7.25], "texture": "#0"},
				"down": {"uv": [7.25, 7, 7, 7.25], "texture": "#0"}
			}
		},
		{
			"from": [6.26, 3.13, 1.76],
			"to": [7.38, 4.25, 2.88],
			"rotation": {"angle": 0, "axis": "y", "origin": [2.64, 0.88, 0.88]},
			"faces": {
				"north": {"uv": [7.25, 2, 7.5, 2.25], "texture": "#0"},
				"east": {"uv": [2.25, 7.25, 2.5, 7.5], "texture": "#0"},
				"south": {"uv": [7.25, 2.25, 7.5, 2.5], "texture": "#0"},
				"west": {"uv": [2.5, 7.25, 2.75, 7.5], "texture": "#0"},
				"up": {"uv": [7.5, 2.75, 7.25, 2.5], "texture": "#0"},
				"down": {"uv": [3, 7.25, 2.75, 7.5], "texture": "#0"}
			}
		},
		{
			"from": [6.26, 4.25, 1.76],
			"to": [7.38, 5.37, 2.88],
			"rotation": {"angle": 0, "axis": "y", "origin": [2.64, 0, 0.88]},
			"faces": {
				"north": {"uv": [7.25, 2.75, 7.5, 3], "texture": "#0"},
				"east": {"uv": [3, 7.25, 3.25, 7.5], "texture": "#0"},
				"south": {"uv": [7.25, 3, 7.5, 3.25], "texture": "#0"},
				"west": {"uv": [3.25, 7.25, 3.5, 7.5], "texture": "#0"},
				"up": {"uv": [7.5, 3.5, 7.25, 3.25], "texture": "#0"},
				"down": {"uv": [3.75, 7.25, 3.5, 7.5], "texture": "#0"}
			}
		},
		{
			"from": [7.38, 3.13, 1.76],
			"to": [8.5, 4.25, 2.88],
			"rotation": {"angle": 0, "axis": "y", "origin": [1.76, 0.88, 0.88]},
			"faces": {
				"north": {"uv": [7.25, 3.5, 7.5, 3.75], "texture": "#0"},
				"east": {"uv": [3.75, 7.25, 4, 7.5], "texture": "#0"},
				"south": {"uv": [7.25, 3.75, 7.5, 4], "texture": "#0"},
				"west": {"uv": [4, 7.25, 4.25, 7.5], "texture": "#0"},
				"up": {"uv": [7.5, 4.25, 7.25, 4], "texture": "#0"},
				"down": {"uv": [4.5, 7.25, 4.25, 7.5], "texture": "#0"}
			}
		},
		{
			"from": [7.38, 4.25, 1.76],
			"to": [8.5, 5.37, 2.88],
			"rotation": {"angle": 0, "axis": "y", "origin": [1.76, 0, 0.88]},
			"faces": {
				"north": {"uv": [7.25, 4.25, 7.5, 4.5], "texture": "#0"},
				"east": {"uv": [7.25, 4.5, 7.5, 4.75], "texture": "#0"},
				"south": {"uv": [7.25, 4.75, 7.5, 5], "texture": "#0"},
				"west": {"uv": [7.25, 5, 7.5, 5.25], "texture": "#0"},
				"up": {"uv": [7.5, 5.5, 7.25, 5.25], "texture": "#0"},
				"down": {"uv": [7.5, 5.5, 7.25, 5.75], "texture": "#0"}
			}
		},
		{
			"from": [8.5, 3.13, 1.76],
			"to": [9.62, 4.25, 2.88],
			"rotation": {"angle": 0, "axis": "y", "origin": [0.88, 0.88, 0.88]},
			"faces": {
				"north": {"uv": [7.25, 5.75, 7.5, 6], "texture": "#0"},
				"east": {"uv": [7.25, 6, 7.5, 6.25], "texture": "#0"},
				"south": {"uv": [7.25, 6.25, 7.5, 6.5], "texture": "#0"},
				"west": {"uv": [7.25, 6.5, 7.5, 6.75], "texture": "#0"},
				"up": {"uv": [7, 7.5, 6.75, 7.25], "texture": "#0"},
				"down": {"uv": [7.5, 6.75, 7.25, 7], "texture": "#0"}
			}
		},
		{
			"from": [8.5, 4.25, 1.76],
			"to": [9.62, 5.37, 2.88],
			"rotation": {"angle": 0, "axis": "y", "origin": [0.88, 0, 0.88]},
			"faces": {
				"north": {"uv": [7, 7.25, 7.25, 7.5], "texture": "#0"},
				"east": {"uv": [7.25, 7, 7.5, 7.25], "texture": "#0"},
				"south": {"uv": [7.25, 7.25, 7.5, 7.5], "texture": "#0"},
				"west": {"uv": [7.5, 2, 7.75, 2.25], "texture": "#0"},
				"up": {"uv": [2.5, 7.75, 2.25, 7.5], "texture": "#0"},
				"down": {"uv": [7.75, 2.25, 7.5, 2.5], "texture": "#0"}
			}
		},
		{
			"from": [9.62, 3.13, 1.76],
			"to": [10.74, 4.25, 2.88],
			"rotation": {"angle": 0, "axis": "y", "origin": [0, 0.88, 0.88]},
			"faces": {
				"north": {"uv": [2.5, 7.5, 2.75, 7.75], "texture": "#0"},
				"east": {"uv": [7.5, 2.5, 7.75, 2.75], "texture": "#0"},
				"south": {"uv": [2.75, 7.5, 3, 7.75], "texture": "#0"},
				"west": {"uv": [7.5, 2.75, 7.75, 3], "texture": "#0"},
				"up": {"uv": [3.25, 7.75, 3, 7.5], "texture": "#0"},
				"down": {"uv": [7.75, 3, 7.5, 3.25], "texture": "#0"}
			}
		},
		{
			"from": [9.62, 4.25, 1.76],
			"to": [10.74, 5.37, 2.88],
			"rotation": {"angle": 0, "axis": "y", "origin": [0, 0, 0.88]},
			"faces": {
				"north": {"uv": [3.25, 7.5, 3.5, 7.75], "texture": "#0"},
				"east": {"uv": [7.5, 3.25, 7.75, 3.5], "texture": "#0"},
				"south": {"uv": [3.5, 7.5, 3.75, 7.75], "texture": "#0"},
				"west": {"uv": [7.5, 3.5, 7.75, 3.75], "texture": "#0"},
				"up": {"uv": [4, 7.75, 3.75, 7.5], "texture": "#0"},
				"down": {"uv": [7.75, 3.75, 7.5, 4], "texture": "#0"}
			}
		},
		{
			"from": [6.26, 2.01, 2.88],
			"to": [7.38, 3.13, 4],
			"rotation": {"angle": 0, "axis": "y", "origin": [2.64, 1.76, 0]},
			"faces": {
				"north": {"uv": [7.75, 4.75, 7.5, 5], "texture": "#0"},
				"east": {"uv": [7.75, 4.75, 7.5, 5], "texture": "#0"},
				"south": {"uv": [7.75, 4.75, 7.5, 5], "texture": "#0"},
				"west": {"uv": [7.75, 4.75, 7.5, 5], "texture": "#0"},
				"up": {"uv": [7.75, 4.75, 7.5, 5], "texture": "#0"},
				"down": {"uv": [7.75, 4.75, 7.5, 5], "texture": "#0"}
			}
		},
		{
			"from": [7.38, 2.01, 2.88],
			"to": [8.5, 3.13, 4],
			"rotation": {"angle": 0, "axis": "y", "origin": [1.76, 1.76, 0]},
			"faces": {
				"north": {"uv": [7.75, 6.25, 7.5, 6.5], "texture": "#0"},
				"east": {"uv": [7.75, 6.25, 7.5, 6.5], "texture": "#0"},
				"south": {"uv": [7.75, 6.25, 7.5, 6.5], "texture": "#0"},
				"west": {"uv": [7.75, 6.25, 7.5, 6.5], "texture": "#0"},
				"up": {"uv": [7.75, 6.25, 7.5, 6.5], "texture": "#0"},
				"down": {"uv": [7.75, 6.25, 7.5, 6.5], "texture": "#0"}
			}
		},
		{
			"from": [8.5, 2.01, 2.88],
			"to": [9.62, 3.13, 4],
			"rotation": {"angle": 0, "axis": "y", "origin": [0.88, 1.76, 0]},
			"faces": {
				"north": {"uv": [7.5, 7.5, 7.25, 7.75], "texture": "#0"},
				"east": {"uv": [7.5, 7.5, 7.25, 7.75], "texture": "#0"},
				"south": {"uv": [7.5, 7.5, 7.25, 7.75], "texture": "#0"},
				"west": {"uv": [7.5, 7.5, 7.25, 7.75], "texture": "#0"},
				"up": {"uv": [7.5, 7.5, 7.25, 7.75], "texture": "#0"},
				"down": {"uv": [7.5, 7.5, 7.25, 7.75], "texture": "#0"}
			}
		},
		{
			"from": [9.62, 2.01, 2.88],
			"to": [10.74, 3.13, 4],
			"rotation": {"angle": 0, "axis": "y", "origin": [0, 1.76, 0]},
			"faces": {
				"north": {"uv": [2.75, 7.75, 2.5, 8], "texture": "#0"},
				"east": {"uv": [2.75, 7.75, 2.5, 8], "texture": "#0"},
				"south": {"uv": [2.75, 7.75, 2.5, 8], "texture": "#0"},
				"west": {"uv": [2.75, 7.75, 2.5, 8], "texture": "#0"},
				"up": {"uv": [2.75, 7.75, 2.5, 8], "texture": "#0"},
				"down": {"uv": [2.75, 7.75, 2.5, 8], "texture": "#0"}
			}
		},
		{
			"from": [6.26, 3.13, 2.88],
			"to": [7.38, 4.25, 4],
			"rotation": {"angle": 0, "axis": "y", "origin": [2.64, 0.88, 0]},
			"faces": {
				"north": {"uv": [3, 7.75, 3.25, 8], "texture": "#0"},
				"east": {"uv": [3, 7.75, 3.25, 8], "texture": "#0"},
				"south": {"uv": [3, 7.75, 3.25, 8], "texture": "#0"},
				"west": {"uv": [3, 7.75, 3.25, 8], "texture": "#0"},
				"up": {"uv": [3, 7.75, 3.25, 8], "texture": "#0"},
				"down": {"uv": [3, 7.75, 3.25, 8], "texture": "#0"}
			}
		},
		{
			"from": [7.38, 3.13, 2.88],
			"to": [8.5, 4.25, 4],
			"rotation": {"angle": 0, "axis": "y", "origin": [1.76, 0.88, 0]},
			"faces": {
				"north": {"uv": [7.75, 3.25, 8, 3.5], "texture": "#0"},
				"east": {"uv": [3.5, 7.75, 3.75, 8], "texture": "#0"},
				"south": {"uv": [7.75, 3.5, 8, 3.75], "texture": "#0"},
				"west": {"uv": [3.75, 7.75, 4, 8], "texture": "#0"},
				"up": {"uv": [8, 4, 7.75, 3.75], "texture": "#0"},
				"down": {"uv": [4.25, 7.75, 4, 8], "texture": "#0"}
			}
		},
		{
			"from": [8.5, 3.13, 2.88],
			"to": [9.62, 4.25, 4],
			"rotation": {"angle": 0, "axis": "y", "origin": [0.88, 0.88, 0]},
			"faces": {
				"north": {"uv": [7.75, 4, 8, 4.25], "texture": "#0"},
				"east": {"uv": [4.25, 7.75, 4.5, 8], "texture": "#0"},
				"south": {"uv": [7.75, 4.25, 8, 4.5], "texture": "#0"},
				"west": {"uv": [7.75, 4.5, 8, 4.75], "texture": "#0"},
				"up": {"uv": [8, 5, 7.75, 4.75], "texture": "#0"},
				"down": {"uv": [8, 5, 7.75, 5.25], "texture": "#0"}
			}
		},
		{
			"from": [9.62, 3.13, 2.88],
			"to": [10.74, 4.25, 4],
			"rotation": {"angle": 0, "axis": "y", "origin": [0, 0.88, 0]},
			"faces": {
				"north": {"uv": [7.75, 5.5, 8, 5.75], "texture": "#0"},
				"east": {"uv": [7.75, 5.5, 8, 5.75], "texture": "#0"},
				"south": {"uv": [7.75, 5.5, 8, 5.75], "texture": "#0"},
				"west": {"uv": [7.75, 5.5, 8, 5.75], "texture": "#0"},
				"up": {"uv": [7.75, 5.5, 8, 5.75], "texture": "#0"},
				"down": {"uv": [7.75, 5.5, 8, 5.75], "texture": "#0"}
			}
		},
		{
			"from": [6.26, 4.25, 2.88],
			"to": [7.38, 5.37, 4],
			"rotation": {"angle": 0, "axis": "y", "origin": [2.64, 0, 0]},
			"faces": {
				"north": {"uv": [7.5, 8, 7.25, 7.75], "texture": "#0"},
				"east": {"uv": [7.5, 8, 7.25, 7.75], "texture": "#0"},
				"south": {"uv": [7.5, 8, 7.25, 7.75], "texture": "#0"},
				"west": {"uv": [7.5, 8, 7.25, 7.75], "texture": "#0"},
				"up": {"uv": [7.5, 8, 7.25, 7.75], "texture": "#0"},
				"down": {"uv": [7.5, 8, 7.25, 7.75], "texture": "#0"}
			}
		},
		{
			"from": [7.38, 4.25, 2.88],
			"to": [8.5, 5.37, 4],
			"rotation": {"angle": 0, "axis": "y", "origin": [1.76, 0, 0]},
			"faces": {
				"north": {"uv": [2.5, 8.25, 2.25, 8], "texture": "#0"},
				"east": {"uv": [2.5, 8.25, 2.25, 8], "texture": "#0"},
				"south": {"uv": [2.5, 8.25, 2.25, 8], "texture": "#0"},
				"west": {"uv": [2.5, 8.25, 2.25, 8], "texture": "#0"},
				"up": {"uv": [2.5, 8.25, 2.25, 8], "texture": "#0"},
				"down": {"uv": [2.5, 8.25, 2.25, 8], "texture": "#0"}
			}
		},
		{
			"from": [8.5, 4.25, 2.88],
			"to": [9.62, 5.37, 4],
			"rotation": {"angle": 0, "axis": "y", "origin": [0.88, 0, 0]},
			"faces": {
				"north": {"uv": [3.25, 8.25, 3, 8], "texture": "#0"},
				"east": {"uv": [3.25, 8.25, 3, 8], "texture": "#0"},
				"south": {"uv": [3.25, 8.25, 3, 8], "texture": "#0"},
				"west": {"uv": [3.25, 8.25, 3, 8], "texture": "#0"},
				"up": {"uv": [3.25, 8.25, 3, 8], "texture": "#0"},
				"down": {"uv": [3.25, 8.25, 3, 8], "texture": "#0"}
			}
		},
		{
			"from": [9.62, 4.25, 2.88],
			"to": [10.74, 5.37, 4],
			"faces": {
				"north": {"uv": [4, 8.25, 3.75, 8], "texture": "#0"},
				"east": {"uv": [4, 8.25, 3.75, 8], "texture": "#0"},
				"south": {"uv": [4, 8.25, 3.75, 8], "texture": "#0"},
				"west": {"uv": [4, 8.25, 3.75, 8], "texture": "#0"},
				"up": {"uv": [4, 8.25, 3.75, 8], "texture": "#0"},
				"down": {"uv": [4, 8.25, 3.75, 8], "texture": "#0"}
			}
		},
		{
			"from": [4, 2, 4],
			"to": [13, 2, 13],
			"faces": {
				"north": {"uv": [0, 0, 2.25, 0], "texture": "#0"},
				"east": {"uv": [0, 0, 2.25, 0], "texture": "#0"},
				"south": {"uv": [0, 0, 2.25, 0], "texture": "#0"},
				"west": {"uv": [0, 0, 2.25, 0], "texture": "#0"},
				"up": {"uv": [2.25, 2.25, 0, 0], "texture": "#0"},
				"down": {"uv": [2.25, 2.25, 0, 4.5], "texture": "#0"}
			}
		},
		{
			"from": [4, 10.5, 4],
			"to": [13, 10.5, 13],
			"faces": {
				"north": {"uv": [0, 0, 2.25, 0], "texture": "#0"},
				"east": {"uv": [0, 0, 2.25, 0], "texture": "#0"},
				"south": {"uv": [0, 0, 2.25, 0], "texture": "#0"},
				"west": {"uv": [0, 0, 2.25, 0], "texture": "#0"},
				"up": {"uv": [4.5, 2.25, 2.25, 0], "texture": "#0"},
				"down": {"uv": [4.5, 2.25, 2.25, 4.5], "texture": "#0"}
			}
		},
		{
			"from": [4, 2, 4],
			"to": [13, 10, 4],
			"faces": {
				"north": {"uv": [4.5, 4.5, 6.75, 6.5], "texture": "#0"},
				"east": {"uv": [4.5, 4.5, 6.75, 6.5], "texture": "#0"},
				"south": {"uv": [4.5, 4.5, 6.75, 6.5], "texture": "#0"},
				"west": {"uv": [4.5, 4.5, 6.75, 6.5], "texture": "#0"},
				"up": {"uv": [4.5, 4.5, 6.75, 6.5], "texture": "#0"},
				"down": {"uv": [4.5, 4.5, 6.75, 6.5], "texture": "#0"}
			}
		},
		{
			"from": [8, 10, 4],
			"to": [9, 10.5, 4],
			"faces": {
				"north": {"uv": [4, 8, 4.25, 8.25], "texture": "#0"},
				"east": {"uv": [0, 0, 0, 0.25], "texture": "#0"},
				"south": {"uv": [8, 4, 8.25, 4.25], "texture": "#0"},
				"west": {"uv": [0, 0, 0, 0.25], "texture": "#0"},
				"up": {"uv": [0.25, 0, 0, 0], "texture": "#0"},
				"down": {"uv": [0.25, 0, 0, 0], "texture": "#0"}
			}
		},
		{
			"from": [8, 10, 13],
			"to": [9, 10.5, 13],
			"faces": {
				"north": {"uv": [4.25, 8, 4.5, 8.25], "texture": "#0"},
				"east": {"uv": [0, 0, 0, 0.25], "texture": "#0"},
				"south": {"uv": [8, 4.25, 8.25, 4.5], "texture": "#0"},
				"west": {"uv": [0, 0, 0, 0.25], "texture": "#0"},
				"up": {"uv": [0.25, 0, 0, 0], "texture": "#0"},
				"down": {"uv": [0.25, 0, 0, 0], "texture": "#0"}
			}
		},
		{
			"from": [4, 2, 13],
			"to": [13, 10, 13],
			"faces": {
				"north": {"uv": [0, 6.75, 2.25, 8.75], "texture": "#0"},
				"east": {"uv": [0, 0, 0, 2], "texture": "#0"},
				"south": {"uv": [6.75, 0, 9, 2], "texture": "#0"},
				"west": {"uv": [0, 0, 0, 2], "texture": "#0"},
				"up": {"uv": [2.25, 0, 0, 0], "texture": "#0"},
				"down": {"uv": [2.25, 0, 0, 0], "texture": "#0"}
			}
		},
		{
			"from": [4, 2, 4],
			"to": [4, 11, 13],
			"faces": {
				"north": {"uv": [0, 0, 0, 2.25], "texture": "#0"},
				"east": {"uv": [0, 4.5, 2.25, 6.75], "texture": "#0"},
				"south": {"uv": [0, 0, 0, 2.25], "texture": "#0"},
				"west": {"uv": [4.5, 0, 6.75, 2.25], "texture": "#0"},
				"up": {"uv": [0, 2.25, 0, 0], "texture": "#0"},
				"down": {"uv": [0, 0, 0, 2.25], "texture": "#0"}
			}
		},
		{
			"from": [13, 2, 4],
			"to": [13, 11, 13],
			"faces": {
				"north": {"uv": [0, 0, 0, 2.25], "texture": "#0"},
				"east": {"uv": [2.25, 4.5, 4.5, 6.75], "texture": "#0"},
				"south": {"uv": [0, 0, 0, 2.25], "texture": "#0"},
				"west": {"uv": [4.5, 2.25, 6.75, 4.5], "texture": "#0"},
				"up": {"uv": [0, 2.25, 0, 0], "texture": "#0"},
				"down": {"uv": [0, 0, 0, 2.25], "texture": "#0"}
			}
		}
	],
	"display": {
		"thirdperson_righthand": {
			"translation": [-0.25, 0, -1],
			"scale": [0.57, 0.57, 0.57]
		},
		"thirdperson_lefthand": {
			"translation": [-0.25, 0, -1],
			"scale": [0.57, 0.57, 0.57]
		},
		"firstperson_righthand": {
			"translation": [1.5, 3.5, 0.75],
			"scale": [1.34, 1.17, 0.93]
		},
		"firstperson_lefthand": {
			"translation": [1.5, 3.5, 0.75],
			"scale": [1.34, 1.17, 0.93]
		},
		"ground": {
			"translation": [0, 1.5, 0],
			"scale": [0.72, 0.72, 0.72]
		},
		"gui": {
			"rotation": [16, 144, 0],
			"translation": [0, 1.75, 0],
			"scale": [0.96, 0.96, 0.96]
		},
		"head": {
			"translation": [-0.75, 2.5, -0.75],
			"scale": [1.62, 1.59, 1.62]
		},
		"fixed": {
			"rotation": [-90, 0, 0],
			"translation": [-0.5, 1.75, -6.75]
		}
	},
	"groups": [
		{
			"name": "group",
			"origin": [0, 0, 0],
			"color": 0,
			"children": [0, 1, 2, 3, 4, 5, 6, 7, 8, 9, 10, 11, 12, 13, 14, 15, 16, 17, 18, 19, 20, 21, 22, 23, 24, 25, 26, 27, 28, 29, 30, 31, 32, 33, 34, 35, 36, 37]
		}
	]
}